condizione,variante,regione,n,RD_A,RD_A_vera,RD_B,RD_B_vera,AD_A,AD_A_vera,RDw,RDw_vera,pav
sano,0 produzione,cross in lesione,321,0.19663744,0.4,0.1878599375486374,0.4,1.4630597,1.6999999999999995,0.1921597272157669,0.4,0.7227414330218068
sano,0 produzione,cross fuori,875,0.19642323,0.40000000000000013,0.18507753312587738,0.40000000000000013,1.4809835,1.7,0.19089163839817047,0.40000000000000013,0.7302857142857143
sano,0 produzione,mono A in lesione,123,0.3960135,0.4000000000000001,,,1.7727642,1.7000000000000002,,,
sano,0 produzione,mono A fuori,1077,0.3865678,0.4000000000000001,,,1.7417397,1.7,,,
sano,7 AD globale,cross in lesione,321,0.3816146,0.4,0.3789241909980774,0.4,1.7346156,1.6999999999999995,0.41232553124427795,0.4,0.32710280373831774
sano,7 AD globale,cross fuori,875,0.37596428,0.40000000000000013,0.38183701038360596,0.40000000000000013,1.7346158,1.7,0.40583351254463196,0.40000000000000013,0.35085714285714287
sano,7 AD globale,mono A in lesione,123,0.3960135,0.4000000000000001,,,1.7727642,1.7000000000000002,,,
sano,7 AD globale,mono A fuori,1077,0.3865678,0.4000000000000001,,,1.7417397,1.7,,,
sano,9 AD locale,cross in lesione,321,0.38427144,0.4,0.38063934445381165,0.4,1.7540559,1.6999999999999995,0.41443461179733276,0.4,0.32398753894080995
sano,9 AD locale,cross fuori,875,0.37811103,0.40000000000000013,0.3833298683166504,0.40000000000000013,1.7486376,1.7,0.40784353017807007,0.40000000000000013,0.34514285714285714
sano,9 AD locale,mono A in lesione,123,0.3960135,0.4000000000000001,,,1.7727642,1.7000000000000002,,,
sano,9 AD locale,mono A fuori,1077,0.3865678,0.4000000000000001,,,1.7417397,1.7,,,
sano,9o oracolo AD,cross in lesione,321,0.37741083,0.4,0.3753257095813751,0.4,1.7,1.6999999999999995,0.40861690044403076,0.4,0.34579439252336447
sano,9o oracolo AD,cross fuori,875,0.37195456,0.40000000000000013,0.3780863583087921,0.40000000000000013,1.7000004,1.7,0.4022851586341858,0.40000000000000013,0.35428571428571426
sano,9o oracolo AD,mono A in lesione,123,0.3960135,0.4000000000000001,,,1.7727642,1.7000000000000002,,,
sano,9o oracolo AD,mono A fuori,1077,0.3865678,0.4000000000000001,,,1.7417397,1.7,,,
demiel A,0 produzione,cross in lesione,169,0.2678139,0.8000000000000003,0.18800275027751923,0.40000000000000013,1.7392765,1.4999999999999996,0.2133454531431198,0.6,0.7396449704142012
demiel A,0 produzione,cross fuori,875,0.19642323,0.40000000000000013,0.18507753312587738,0.40000000000000013,1.4809835,1.7,0.19089163839817047,0.40000000000000013,0.7302857142857143
demiel A,0 produzione,mono A in lesione,111,0.686855,0.7999999999999999,,,1.7550589,1.5,,,
demiel A,0 produzione,mono A fuori,1077,0.3865678,0.4000000000000001,,,1.7417397,1.7,,,
demiel A,7 AD globale,cross in lesione,169,0.47239447,0.8000000000000003,0.3439987897872925,0.40000000000000013,1.7153846,1.4999999999999996,0.45049095153808594,0.6,0.5029585798816568
demiel A,7 AD globale,cross fuori,875,0.3738175,0.40000000000000013,0.3797025978565216,0.40000000000000013,1.7153846,1.7,0.40387752652168274,0.40000000000000013,0.35428571428571426
demiel A,7 AD globale,mono A in lesione,111,0.686855,0.7999999999999999,,,1.7550589,1.5,,,
demiel A,7 AD globale,mono A fuori,1077,0.3865678,0.4000000000000001,,,1.7417397,1.7,,,
demiel A,9 AD locale,cross in lesione,169,0.4172035,0.8000000000000003,0.34463757276535034,0.40000000000000013,1.6527992,1.4999999999999996,0.42623844742774963,0.6,0.5739644970414202
demiel A,9 AD locale,cross fuori,875,0.37450844,0.40000000000000013,0.3825649619102478,0.40000000000000013,1.7382307,1.7,0.4058893620967865,0.40000000000000013,0.3485714285714286
demiel A,9 AD locale,mono A in lesione,111,0.686855,0.7999999999999999,,,1.7550589,1.5,,,
demiel A,9 AD locale,mono A fuori,1077,0.3865678,0.4000000000000001,,,1.7417397,1.7,,,
demiel A,9o oracolo AD,cross in lesione,169,0.46306816,0.8000000000000003,0.33167028427124023,0.40000000000000013,1.5000001,1.4999999999999996,0.4452051520347595,0.6,0.514792899408284
demiel A,9o oracolo AD,cross fuori,875,0.37195456,0.40000000000000013,0.3780863583087921,0.40000000000000013,1.7000004,1.7,0.4022851586341858,0.40000000000000013,0.35428571428571426
demiel A,9o oracolo AD,mono A in lesione,111,0.686855,0.7999999999999999,,,1.7550589,1.5,,,
demiel A,9o oracolo AD,mono A fuori,1077,0.3865678,0.4000000000000001,,,1.7417397,1.7,,,
assonale A,0 produzione,cross in lesione,308,0.20084757,0.4000000000000001,0.20302218198776245,0.4000000000000001,1.3146191,1.1,0.20140837132930756,0.4000000000000001,0.8538961038961039
assonale A,0 produzione,cross fuori,875,0.19642323,0.40000000000000013,0.18507753312587738,0.40000000000000013,1.4809835,1.7,0.19089163839817047,0.40000000000000013,0.7302857142857143
assonale A,0 produzione,mono A in lesione,123,0.37837213,0.4000000000000001,,,1.2139773,1.0999999999999999,,,
assonale A,0 produzione,mono A fuori,1077,0.3865678,0.4000000000000001,,,1.7417397,1.7,,,
assonale A,7 AD globale,cross in lesione,308,0.3081464,0.4000000000000001,0.4202018082141876,0.4000000000000001,1.7153846,1.1,0.40950414538383484,0.4000000000000001,0.5194805194805194
assonale A,7 AD globale,cross fuori,875,0.3738175,0.40000000000000013,0.3797025978565216,0.40000000000000013,1.7153846,1.7,0.40387752652168274,0.40000000000000013,0.35428571428571426
assonale A,7 AD globale,mono A in lesione,123,0.37837213,0.4000000000000001,,,1.2139773,1.0999999999999999,,,
assonale A,7 AD globale,mono A fuori,1077,0.3865678,0.4000000000000001,,,1.7417397,1.7,,,
assonale A,9 AD locale,cross in lesione,308,0.31456056,0.4000000000000001,0.38970816135406494,0.4000000000000001,1.4021043,1.1,0.3929096460342407,0.4000000000000001,0.4967532467532468
assonale A,9 AD locale,cross fuori,875,0.37771624,0.40000000000000013,0.37859222292900085,0.40000000000000013,1.7109231,1.7,0.40562260150909424,0.40000000000000013,0.35428571428571426
assonale A,9 AD locale,mono A in lesione,123,0.37837213,0.4000000000000001,,,1.2139773,1.0999999999999999,,,
assonale A,9 AD locale,mono A fuori,1077,0.3865678,0.4000000000000001,,,1.7417397,1.7,,,
assonale A,9o oracolo AD,cross in lesione,308,0.30712992,0.4000000000000001,0.3663997948169708,0.4000000000000001,1.1,1.1,0.37477850914001465,0.4000000000000001,0.5032467532467533
assonale A,9o oracolo AD,cross fuori,875,0.37195456,0.40000000000000013,0.3780863583087921,0.40000000000000013,1.7000004,1.7,0.4022851586341858,0.40000000000000013,0.35428571428571426
assonale A,9o oracolo AD,mono A in lesione,123,0.37837213,0.4000000000000001,,,1.2139773,1.0999999999999999,,,
assonale A,9o oracolo AD,mono A fuori,1077,0.3865678,0.4000000000000001,,,1.7417397,1.7,,,
lesione A+B,0 produzione,cross in lesione,264,0.23568603,0.8000000000000003,0.2124483734369278,0.8000000000000003,0.7530541,1.5,0.2144993096590042,0.8000000000000003,0.9924242424242424
lesione A+B,0 produzione,cross fuori,875,0.19642323,0.40000000000000013,0.18507753312587738,0.40000000000000013,1.4809835,1.7,0.19089163839817047,0.40000000000000013,0.7302857142857143
lesione A+B,0 produzione,mono A in lesione,47,0.6546301,0.8000000000000004,,,1.8684124,1.5000000000000002,,,
lesione A+B,0 produzione,mono A fuori,1077,0.3865678,0.4000000000000001,,,1.7417397,1.7,,,
lesione A+B,7 AD globale,cross in lesione,264,0.39273417,0.8000000000000003,0.42724692821502686,0.8000000000000003,1.7346157,1.5,0.5425984859466553,0.8000000000000003,0.8674242424242424
lesione A+B,7 AD globale,cross fuori,875,0.37596428,0.40000000000000013,0.38183701038360596,0.40000000000000013,1.7346158,1.7,0.40583351254463196,0.40000000000000013,0.35085714285714287
lesione A+B,7 AD globale,mono A in lesione,47,0.6546301,0.8000000000000004,,,1.8684124,1.5000000000000002,,,
lesione A+B,7 AD globale,mono A fuori,1077,0.3865678,0.4000000000000001,,,1.7417397,1.7,,,
lesione A+B,9 AD locale,cross in lesione,264,0.393552,0.8000000000000003,0.4315814971923828,0.8000000000000003,1.7483102,1.5,0.5446219444274902,0.8000000000000003,0.8674242424242424
lesione A+B,9 AD locale,cross fuori,875,0.3779753,0.40000000000000013,0.3835766315460205,0.40000000000000013,1.7497474,1.7,0.40790003538131714,0.40000000000000013,0.34514285714285714
lesione A+B,9 AD locale,mono A in lesione,47,0.6546301,0.8000000000000004,,,1.8684124,1.5000000000000002,,,
lesione A+B,9 AD locale,mono A fuori,1077,0.3865678,0.4000000000000001,,,1.7417397,1.7,,,
lesione A+B,9o oracolo AD,cross in lesione,264,0.3715931,0.8000000000000003,0.4057377874851227,0.8000000000000003,1.5000001,1.5,0.5219044089317322,0.8000000000000003,0.8901515151515151
lesione A+B,9o oracolo AD,cross fuori,875,0.37195456,0.40000000000000013,0.3780863583087921,0.40000000000000013,1.7000004,1.7,0.4022851586341858,0.40000000000000013,0.35428571428571426
lesione A+B,9o oracolo AD,mono A in lesione,47,0.6546301,0.8000000000000004,,,1.8684124,1.5000000000000002,,,
lesione A+B,9o oracolo AD,mono A fuori,1077,0.3865678,0.4000000000000001,,,1.7417397,1.7,,,
