SNR,modo,soglia,scenario,err_FF,err_RF,err_HF,err_WF,npop,npop_vero,RDw_bias,ADw_bias,pavimento
30,0,0.0,WM_sano,0.0346376970410347,0.008720050565898418,0.05242685228586197,0.02830885723233223,1.0,1,-0.001562526449561119,0.053846160881221294,0.0
30,0,0.0,WM_demyel,0.10503052175045013,0.03970121964812279,0.1443907618522644,0.051358532160520554,1.2000000476837158,1,-0.031382369343191385,0.19605876877903938,0.0
30,0,0.0,WM_densa,0.04360406845808029,0.01162354089319706,0.05602140352129936,0.0211320947855711,1.0,1,0.006874994141981006,0.00673078466206789,0.0
30,0,0.0,WM_debole,0.07619795948266983,0.03189752250909805,0.061142437160015106,0.024556901305913925,1.2000000476837158,1,0.06126417429186404,-0.09359023533761501,0.0
30,0,0.0,Cross_bil,0.1296508014202118,0.04952817037701607,0.2053566724061966,0.02964530885219574,2.0,2,-0.11046967119909823,-0.061383238062262535,0.0
30,0,0.0,Cross_sbil,0.2089754045009613,0.05025922507047653,0.24019479751586914,0.048407476395368576,1.2999999523162842,2,-0.04617939703166485,0.21439685951918364,0.038461538461538464
30,0,0.0,Cross_eterog,0.20392434298992157,0.04091371223330498,0.24356678128242493,0.033704061061143875,1.2000000476837158,2,-0.14512630878016353,0.1161693362519145,0.0
30,0,0.0,GM,0.12150762230157852,0.046926066279411316,0.08818992227315903,0.022395828738808632,0.8999999761581421,1,0.005692825652658939,-0.7552420720458031,0.16666666666666666
30,0,0.0,CSF,0.0,0.00710156699642539,0.05000000074505806,0.04289844632148743,0.0,0,,,
30,0,0.0,PureRestr,0.02644003927707672,0.026840155944228172,0.038173239678144455,0.026329215615987778,0.20000000298023224,0,,,
30,0,0.0,Tumor,0.022760486230254173,0.019314046949148178,0.02888207510113716,0.018533404916524887,0.20000000298023224,0,,,
30,0,0.0,Edema,0.050942160189151764,0.012965989299118519,0.05388500168919563,0.03728117421269417,1.0,1,0.0876988924574107,0.43653848115354776,0.0
30,0,0.0,Lesione,0.11841372400522232,0.06398498266935349,0.07614912837743759,0.03402445837855339,1.399999976158142,1,-0.004951027221977711,-0.040706247091293335,0.03571428571428571
30,0,15.0,WM_sano,0.0346376970410347,0.008720050565898418,0.05242685228586197,0.02830885723233223,1.0,1,-0.001562526449561119,0.053846160881221294,0.0
30,0,15.0,WM_demyel,0.10503052175045013,0.03970121964812279,0.1443907618522644,0.051358532160520554,1.2000000476837158,1,-0.031382369343191385,0.19605876877903938,0.0
30,0,15.0,WM_densa,0.04360406845808029,0.01162354089319706,0.05602140352129936,0.0211320947855711,1.0,1,0.006874994141981006,0.00673078466206789,0.0
30,0,15.0,WM_debole,0.07619795948266983,0.03189752250909805,0.061142437160015106,0.024556901305913925,1.2000000476837158,1,0.06126417429186404,-0.09359023533761501,0.0
30,0,15.0,Cross_bil,0.1296508014202118,0.04952817037701607,0.2053566724061966,0.02964530885219574,2.0,2,-0.11046967119909823,-0.061383238062262535,0.0
30,0,15.0,Cross_sbil,0.2089754045009613,0.05025922507047653,0.24019479751586914,0.048407476395368576,1.2999999523162842,2,-0.04617939703166485,0.21439685951918364,0.038461538461538464
30,0,15.0,Cross_eterog,0.20392434298992157,0.04091371223330498,0.24356678128242493,0.033704061061143875,1.2000000476837158,2,-0.14512630878016353,0.1161693362519145,0.0
30,0,15.0,GM,0.11738379299640656,0.032852768898010254,0.10409504175186157,0.023794401437044144,0.6000000238418579,1,-0.008652161341160536,-0.7723196758888662,0.16666666666666666
30,0,15.0,CSF,0.0,0.00710156699642539,0.05000000074505806,0.04289844632148743,0.0,0,,,
30,0,15.0,PureRestr,0.0,0.00939190573990345,0.029735049232840538,0.023926973342895508,0.0,0,,,
30,0,15.0,Tumor,0.0,0.009172189049422741,0.01896640844643116,0.017743607982993126,0.0,0,,,
30,0,15.0,Edema,0.050942160189151764,0.012965989299118519,0.05388500168919563,0.03728117421269417,1.0,1,0.0876988924574107,0.43653848115354776,0.0
30,0,15.0,Lesione,0.11841372400522232,0.06398498266935349,0.07614912837743759,0.03402445837855339,1.399999976158142,1,-0.004951027221977711,-0.040706247091293335,0.03571428571428571
30,10,0.0,WM_sano,0.0346376970410347,0.008720050565898418,0.05242685228586197,0.02830885723233223,1.0,1,-0.001562526449561119,0.053846160881221294,0.0
30,10,0.0,WM_demyel,0.10897380113601685,0.016455944627523422,0.12626202404499054,0.049363501369953156,1.2000000476837158,1,-0.015260186046361923,0.29395450837910175,0.0
30,10,0.0,WM_densa,0.04360406845808029,0.01162354089319706,0.05602140352129936,0.0211320947855711,1.0,1,0.006874994141981006,0.00673078466206789,0.0
30,10,0.0,WM_debole,0.05241493135690689,0.019540494307875633,0.055565495043992996,0.023905931040644646,1.2000000476837158,1,0.035683478927239776,-0.0048103975132107735,0.0
30,10,0.0,Cross_bil,0.07604433596134186,0.023260515183210373,0.09788697957992554,0.034389954060316086,2.0,2,0.0075980788096785545,0.08230982348322868,0.0
30,10,0.0,Cross_sbil,0.22251558303833008,0.03617629408836365,0.22342920303344727,0.0528268925845623,1.2999999523162842,2,-0.015974044799804688,0.27088343631476164,0.0
30,10,0.0,Cross_eterog,0.21562698483467102,0.014152443036437035,0.24217042326927185,0.03373335674405098,1.2000000476837158,2,-0.14863043907098472,0.22682687267661095,0.0
30,10,0.0,GM,0.06542443484067917,0.013462258502840996,0.08401970565319061,0.026376906782388687,0.8999999761581421,1,0.004008645191788673,0.24413573555648327,0.1111111111111111
30,10,0.0,CSF,0.0,0.00710156699642539,0.05000000074505806,0.04289844632148743,0.0,0,,,
30,10,0.0,PureRestr,0.007886528968811035,0.010195705108344555,0.03114417754113674,0.023575950413942337,0.20000000298023224,0,,,
30,10,0.0,Tumor,0.005009854212403297,0.010122043080627918,0.020966654643416405,0.016421522945165634,0.20000000298023224,0,,,
30,10,0.0,Edema,0.050942160189151764,0.012965989299118519,0.05388500168919563,0.03728117421269417,1.0,1,0.0876988924574107,0.43653848115354776,0.0
30,10,0.0,Lesione,0.09425340592861176,0.013814186677336693,0.09401203691959381,0.030822837725281715,1.399999976158142,1,0.026137655368074775,0.18430384807288647,0.03571428571428571
30,10,15.0,WM_sano,0.0346376970410347,0.008720050565898418,0.05242685228586197,0.02830885723233223,1.0,1,-0.001562526449561119,0.053846160881221294,0.0
30,10,15.0,WM_demyel,0.10897380113601685,0.016455944627523422,0.12626202404499054,0.049363501369953156,1.2000000476837158,1,-0.015260186046361923,0.29395450837910175,0.0
30,10,15.0,WM_densa,0.04360406845808029,0.01162354089319706,0.05602140352129936,0.0211320947855711,1.0,1,0.006874994141981006,0.00673078466206789,0.0
30,10,15.0,WM_debole,0.05241493135690689,0.019540494307875633,0.055565495043992996,0.023905931040644646,1.2000000476837158,1,0.035683478927239776,-0.0048103975132107735,0.0
30,10,15.0,Cross_bil,0.07604433596134186,0.023260515183210373,0.09788697957992554,0.034389954060316086,2.0,2,0.0075980788096785545,0.08230982348322868,0.0
30,10,15.0,Cross_sbil,0.22251558303833008,0.03617629408836365,0.22342920303344727,0.0528268925845623,1.2999999523162842,2,-0.015974044799804688,0.27088343631476164,0.0
30,10,15.0,Cross_eterog,0.21562698483467102,0.014152443036437035,0.24217042326927185,0.03373335674405098,1.2000000476837158,2,-0.14863043907098472,0.22682687267661095,0.0
30,10,15.0,GM,0.0729120522737503,0.012313452549278736,0.09496819227933884,0.026292726397514343,0.699999988079071,1,-0.007855065632611513,0.15733635518699884,0.14285714285714285
30,10,15.0,CSF,0.0,0.00710156699642539,0.05000000074505806,0.04289844632148743,0.0,0,,,
30,10,15.0,PureRestr,0.004455225076526403,0.008816790767014027,0.03263305872678757,0.023713359609246254,0.10000000149011612,0,,,
30,10,15.0,Tumor,0.0,0.009172189049422741,0.01896640844643116,0.017743607982993126,0.0,0,,,
30,10,15.0,Edema,0.050942160189151764,0.012965989299118519,0.05388500168919563,0.03728117421269417,1.0,1,0.0876988924574107,0.43653848115354776,0.0
30,10,15.0,Lesione,0.09425340592861176,0.013814186677336693,0.09401203691959381,0.030822837725281715,1.399999976158142,1,0.026137655368074775,0.18430384807288647,0.03571428571428571
15,0,0.0,WM_sano,0.08135998249053955,0.021003957837820053,0.10067476332187653,0.05802599713206291,1.0,1,0.01301133306697011,0.18269242718815804,0.05
15,0,0.0,WM_demyel,0.1040804386138916,0.11791066080331802,0.14171463251113892,0.053920380771160126,1.75,1,-0.11215853737667203,0.08871406316757202,0.0
15,0,0.0,WM_densa,0.0778784453868866,0.02244095504283905,0.08682377636432648,0.02968023717403412,1.0,1,0.0225283729378134,0.09903870522975922,0.0
15,0,0.0,WM_debole,0.20708182454109192,0.0742781013250351,0.12366781383752823,0.04849666357040405,1.649999976158142,1,0.10831028339453042,0.03905862104147673,0.030303030303030304
15,0,0.0,Cross_bil,0.10527165234088898,0.06463675200939178,0.20050975680351257,0.03688890114426613,2.0,2,-0.05969140329398215,-0.10416703298687935,0.05
15,0,0.0,Cross_sbil,0.14120793342590332,0.05331821367144585,0.17521697282791138,0.0658196285367012,1.5,2,0.00860329600982368,0.19520660862326622,0.0
15,0,0.0,Cross_eterog,0.15634198486804962,0.10182051360607147,0.18859416246414185,0.08183219283819199,1.600000023841858,2,0.022263411665335298,0.03776000812649727,0.03125
15,0,0.0,GM,0.14288362860679626,0.0780683308839798,0.0843515545129776,0.051465608179569244,1.600000023841858,1,-0.07331770029850304,-0.3324745921418071,0.21875
15,0,0.0,CSF,0.0,0.02296910621225834,0.05000000074505806,0.027030905708670616,0.0,0,,,
15,0,0.0,PureRestr,0.21950800716876984,0.14290158450603485,0.10703369230031967,0.051043324172496796,1.600000023841858,0,,,
15,0,0.0,Tumor,0.16756877303123474,0.10977278649806976,0.0874643623828888,0.04046817868947983,1.5,0,,,
15,0,0.0,Edema,0.11285177618265152,0.03602989390492439,0.06804834306240082,0.08375965803861618,1.0,1,0.24531246162950993,0.841346220113337,0.0
15,0,0.0,Lesione,0.2434399574995041,0.1728874146938324,0.09543275833129883,0.04682347923517227,1.75,1,0.027498346753418446,-0.293552759103477,0.2
15,0,15.0,WM_sano,0.08135998249053955,0.021003957837820053,0.10067476332187653,0.05802599713206291,1.0,1,0.01301133306697011,0.18269242718815804,0.05
15,0,15.0,WM_demyel,0.12320177257061005,0.11198723316192627,0.16126534342765808,0.05417352914810181,1.649999976158142,1,-0.11194223770871758,0.09556615259498358,0.0
15,0,15.0,WM_densa,0.0778784453868866,0.02244095504283905,0.08682377636432648,0.02968023717403412,1.0,1,0.0225283729378134,0.09903870522975922,0.0
15,0,15.0,WM_debole,0.20708182454109192,0.0742781013250351,0.12366781383752823,0.04849666357040405,1.649999976158142,1,0.10831028339453042,0.03905862104147673,0.030303030303030304
15,0,15.0,Cross_bil,0.10527165234088898,0.06463675200939178,0.20050975680351257,0.03688890114426613,2.0,2,-0.05969140329398215,-0.10416703298687935,0.05
15,0,15.0,Cross_sbil,0.14120793342590332,0.05331821367144585,0.17521697282791138,0.0658196285367012,1.5,2,0.00860329600982368,0.19520660862326622,0.0
15,0,15.0,Cross_eterog,0.15634198486804962,0.10182051360607147,0.18859416246414185,0.08183219283819199,1.600000023841858,2,0.022263411665335298,0.03776000812649727,0.03125
15,0,15.0,GM,0.10850539058446884,0.025888215750455856,0.17021644115447998,0.05753348395228386,0.15000000596046448,1,0.026965804863721132,0.3707711584866047,0.0
15,0,15.0,CSF,0.0,0.02296910621225834,0.05000000074505806,0.027030905708670616,0.0,0,,,
15,0,15.0,PureRestr,0.0,0.02659439481794834,0.07210800051689148,0.05444026738405228,0.0,0,,,
15,0,15.0,Tumor,0.014348136261105537,0.02925204299390316,0.04525346681475639,0.03493667393922806,0.10000000149011612,0,,,
15,0,15.0,Edema,0.11285177618265152,0.03602989390492439,0.06804834306240082,0.08375965803861618,1.0,1,0.24531246162950993,0.841346220113337,0.0
15,0,15.0,Lesione,0.25576385855674744,0.1678042709827423,0.10062773525714874,0.04570678994059563,1.649999976158142,1,0.03148612449876964,-0.25221146643161774,0.18181818181818182
15,10,0.0,WM_sano,0.08135998249053955,0.021003957837820053,0.10067476332187653,0.05802599713206291,1.0,1,0.01301133306697011,0.18269242718815804,0.05
15,10,0.0,WM_demyel,0.10624384880065918,0.05914485454559326,0.17619553208351135,0.06671054661273956,1.75,1,-0.12493249960243702,0.47712819650769234,0.0
15,10,0.0,WM_densa,0.0778784453868866,0.02244095504283905,0.08682377636432648,0.02968023717403412,1.0,1,0.0225283729378134,0.09903870522975922,0.0
15,10,0.0,WM_debole,0.13340164721012115,0.0522783026099205,0.0966317281126976,0.0621112696826458,1.649999976158142,1,0.07199635729193687,0.31300110276788473,0.12121212121212122
15,10,0.0,Cross_bil,0.13725456595420837,0.04634292796254158,0.15443876385688782,0.038559526205062866,2.0,2,0.008986680768430233,-0.004160101525485516,0.025
15,10,0.0,Cross_sbil,0.159102201461792,0.038132086396217346,0.16110868752002716,0.071050263941288,1.5,2,0.04061398794874549,0.2858472289517522,0.0
15,10,0.0,Cross_eterog,0.1728210151195526,0.051924098283052444,0.26244086027145386,0.07269759476184845,1.600000023841858,2,-0.09768360177986324,0.26750529650598764,0.125
15,10,0.0,GM,0.08034826070070267,0.05716804414987564,0.09254703670740128,0.058674056082963943,1.600000023841858,1,0.0075866119004786015,0.2777449553832412,0.21875
15,10,0.0,CSF,0.0,0.02296910621225834,0.05000000074505806,0.027030905708670616,0.0,0,,,
15,10,0.0,PureRestr,0.12446977198123932,0.055821072310209274,0.0764564499258995,0.05276908725500107,1.600000023841858,0,,,
15,10,0.0,Tumor,0.12191997468471527,0.05916498973965645,0.08789938688278198,0.034875817596912384,1.5,0,,,
15,10,0.0,Edema,0.11285177618265152,0.03602989390492439,0.06804834306240082,0.08375965803861618,1.0,1,0.24531246162950993,0.841346220113337,0.0
15,10,0.0,Lesione,0.10717575252056122,0.04771483689546585,0.08448132127523422,0.04760640114545822,1.75,1,-0.021787418518215418,0.33429404720664024,0.08571428571428572
15,10,15.0,WM_sano,0.08135998249053955,0.021003957837820053,0.10067476332187653,0.05802599713206291,1.0,1,0.01301133306697011,0.18269242718815804,0.05
15,10,15.0,WM_demyel,0.10624384880065918,0.05914485454559326,0.17619553208351135,0.06671054661273956,1.75,1,-0.12493249960243702,0.47712819650769234,0.0
15,10,15.0,WM_densa,0.0778784453868866,0.02244095504283905,0.08682377636432648,0.02968023717403412,1.0,1,0.0225283729378134,0.09903870522975922,0.0
15,10,15.0,WM_debole,0.13340164721012115,0.0522783026099205,0.0966317281126976,0.0621112696826458,1.649999976158142,1,0.07199635729193687,0.31300110276788473,0.12121212121212122
15,10,15.0,Cross_bil,0.13725456595420837,0.04634292796254158,0.15443876385688782,0.038559526205062866,2.0,2,0.008986680768430233,-0.004160101525485516,0.025
15,10,15.0,Cross_sbil,0.159102201461792,0.038132086396217346,0.16110868752002716,0.071050263941288,1.5,2,0.04061398794874549,0.2858472289517522,0.0
15,10,15.0,Cross_eterog,0.1728210151195526,0.051924098283052444,0.26244086027145386,0.07269759476184845,1.600000023841858,2,-0.09768360177986324,0.26750529650598764,0.125
15,10,15.0,GM,0.09815192222595215,0.02861732617020607,0.1553116738796234,0.05917930603027344,0.3499999940395355,1,-0.1480885548517108,0.6889505311846733,0.2857142857142857
15,10,15.0,CSF,0.0,0.02296910621225834,0.05000000074505806,0.027030905708670616,0.0,0,,,
15,10,15.0,PureRestr,0.03227303549647331,0.03054099716246128,0.07660648971796036,0.05445047467947006,0.30000001192092896,0,,,
15,10,15.0,Tumor,0.0,0.021368328481912613,0.03892163559794426,0.035069264471530914,0.0,0,,,
15,10,15.0,Edema,0.11285177618265152,0.03602989390492439,0.06804834306240082,0.08375965803861618,1.0,1,0.24531246162950993,0.841346220113337,0.0
15,10,15.0,Lesione,0.10717575252056122,0.04771483689546585,0.08448132127523422,0.04760640114545822,1.75,1,-0.021787418518215418,0.33429404720664024,0.08571428571428572
