protocollo,variante,scenario,n,RD_A_bias,RD_B_bias,contrasto,contrasto_vero,FF_bias,pavimento
P3 (N 91),produzione,sano RD .3,100,-0.09997384768212214,-0.08659773448016495,-0.013376113201957196,0.0,-0.06651492416858673,0.74
P3 (N 91),produzione,sano RD .4,99,-0.18377344531472772,-0.1841609919210896,0.00038755749187657784,0.0,-0.14629550278186798,0.7373737373737373
P3 (N 91),produzione,sano RD .5,100,-0.2802389790304005,-0.2719180192798376,-0.008320957022078801,0.0,-0.20906716585159302,0.73
P3 (N 91),produzione,demiel A,48,-0.5014320486225188,-0.2267203526571393,0.1252882502740249,0.4,-0.25497207045555115,0.7291666666666666
P3 (N 91),produzione,assonale A,99,-0.1862689241534099,-0.18571020336821675,-0.000558714759790746,0.0,-0.19318164885044098,0.8787878787878788
P3 (N 91),0.01,sano RD .3,100,0.08996455289889127,0.11346825340297073,-0.023503696866100654,0.0,0.11474176496267319,0.04
P3 (N 91),0.01,sano RD .4,99,0.062488172261510044,0.06638434570049867,-0.0038961720747465733,0.0,0.09097536653280258,0.0707070707070707
P3 (N 91),0.01,sano RD .5,100,-0.013209125427238178,0.022680624169879593,-0.035889752325601876,0.0,0.045043110847473145,0.02
P3 (N 91),0.01,demiel A,48,-0.1454002340324223,0.010125085282197688,0.24447464966215193,0.4,-0.05955067649483681,0.020833333333333332
P3 (N 91),0.01,assonale A,99,0.06467758066719398,0.04691922731581144,0.017758351532393135,0.0,0.010196620598435402,0.09090909090909091
P3 (N 91),0.02,sano RD .3,100,0.0782923016231507,0.10158823715755716,-0.023295946448342875,0.0,0.09919686615467072,0.06
P3 (N 91),0.02,sano RD .4,99,0.04870098200626671,0.053504791139857844,-0.004803810497833183,0.0,0.07237887382507324,0.0707070707070707
P3 (N 91),0.02,sano RD .5,100,-0.025167082640109584,0.005506777142727515,-0.030673869332531467,0.0,0.02010541595518589,0.03
P3 (N 91),0.02,demiel A,48,-0.16613630577921867,-0.0029030536552454578,0.23676676210016012,0.4,-0.0800834521651268,0.020833333333333332
P3 (N 91),0.02,assonale A,99,0.04514349711826071,0.035143864806741476,0.009999634130508639,0.0,-0.01160610280930996,0.10101010101010101
P3 (N 91),0.04,sano RD .3,100,0.0621842045802623,0.08667995280120522,-0.024495744582964107,0.0,0.07998684048652649,0.08
P3 (N 91),0.04,sano RD .4,99,0.019856393919326365,0.04235894448356703,-0.022502550564240664,0.0,0.04549846798181534,0.08080808080808081
P3 (N 91),0.04,sano RD .5,100,-0.04601664841175079,-0.020209567082929425,-0.025807079509831965,0.0,-0.012176373042166233,0.05
P3 (N 91),0.04,demiel A,48,-0.19596067431848496,-0.022771690055378713,0.2268109965370968,0.4,-0.10740987211465836,0.020833333333333332
P3 (N 91),0.04,assonale A,99,0.02834593215084169,0.010653510798874777,0.01769242408045102,0.0,-0.039223067462444305,0.12121212121212122
P3 (N 91),0.06,sano RD .3,100,0.04844782961299643,0.07905963866505772,-0.030611801776103675,0.0,0.06666947901248932,0.11
P3 (N 91),0.06,sano RD .4,99,0.007394202839350328,0.024784290872048587,-0.017390086213708855,0.0,0.02641795389354229,0.09090909090909091
P3 (N 91),0.06,sano RD .5,100,-0.051052022172370926,-0.04573962723952718,-0.005312395387591096,0.0,-0.03407195582985878,0.05
P3 (N 91),0.06,demiel A,48,-0.21747476421296597,-0.03671982267405838,0.21924507746007293,0.4,-0.12478276342153549,0.020833333333333332
P3 (N 91),0.06,assonale A,99,0.007332308996410575,0.0014598690540879034,0.005872438123333268,0.0,-0.056036949157714844,0.1414141414141414
P3 (N 91),0.09,sano RD .3,100,0.03354020373080857,0.06810638296883553,-0.03456618287600577,0.0,0.05118725821375847,0.13
P3 (N 91),0.09,sano RD .4,99,-0.004432505647855578,0.0029347838790272363,-0.007367291345872218,0.0,0.005563633516430855,0.10101010101010101
P3 (N 91),0.09,sano RD .5,100,-0.08070425974437967,-0.05232327021076344,-0.028380980438669212,0.0,-0.0561109259724617,0.09
P3 (N 91),0.09,demiel A,48,-0.24040450807660818,-0.05182122185942717,0.21141668548807502,0.4,-0.1422564536333084,0.041666666666666664
P3 (N 91),0.09,assonale A,99,-0.009788433999347035,-0.014309365724329837,0.004520939455687767,0.0,-0.07361543923616409,0.16161616161616163
P3 (N 91),0.13,sano RD .3,100,0.021377361917984672,0.055401866120519117,-0.03402450238354504,0.0,0.03709935024380684,0.16
P3 (N 91),0.13,sano RD .4,99,-0.025735836970852688,-0.007164840553741669,-0.01857099778135307,0.0,-0.013350166380405426,0.12121212121212122
P3 (N 91),0.13,sano RD .5,100,-0.10292747901985422,-0.06644708628300577,-0.03648038546089083,0.0,-0.07627798616886139,0.1
P3 (N 91),0.13,demiel A,48,-0.26310604880563915,-0.06632789882132784,0.2032218617387116,0.4,-0.15813025832176208,0.125
P3 (N 91),0.13,assonale A,99,-0.031255403882823884,-0.02503830000932794,-0.006217101599759189,0.0,-0.08945037424564362,0.20202020202020202
P3 (N 91),0.2,sano RD .3,100,0.006007368028804194,0.041657869587652385,-0.03565050064935349,0.0,0.021073929965496063,0.2
P3 (N 91),0.2,sano RD .4,99,-0.04718310810858384,-0.022080334019847214,-0.025102770450757816,0.0,-0.035328254103660583,0.13131313131313133
P3 (N 91),0.2,sano RD .5,100,-0.11329382687108591,-0.09748744196258485,-0.015806392184458673,0.0,-0.0994068831205368,0.12
P3 (N 91),0.2,demiel A,48,-0.27156504802405834,-0.0967474770732224,0.22518243349622935,0.4,-0.17665214836597443,0.14583333333333334
P3 (N 91),0.2,assonale A,99,-0.05757934195571579,-0.03630037099355832,-0.021278976419125684,0.0,-0.1070425808429718,0.23232323232323232
P3 (N 91),0.3,sano RD .3,100,-0.0066988009166379925,0.025780305804801174,-0.03247910717618652,0.0,0.006102855317294598,0.22
P3 (N 91),0.3,sano RD .4,99,-0.05648234218824655,-0.049467867938801646,-0.007014466518739937,0.0,-0.05502837896347046,0.15151515151515152
P3 (N 91),0.3,sano RD .5,100,-0.13971755106467754,-0.11826405534520745,-0.021453512090374716,0.0,-0.11992046236991882,0.12
P3 (N 91),0.3,demiel A,48,-0.3087855002377182,-0.10695494711399078,0.19816945132333785,0.4,-0.19264483451843262,0.14583333333333334
P3 (N 91),0.3,assonale A,99,-0.08205452468246222,-0.04746957347379066,-0.034584951208671555,0.0,-0.12248298525810242,0.31313131313131315
HCP-like (N 186),produzione,sano RD .3,100,-0.034802531445166096,-0.0517079170094803,0.016905387383303605,0.0,0.017049238085746765,0.15
HCP-like (N 186),produzione,sano RD .4,100,-0.08869708835845813,-0.10597606160445139,0.017278967789025046,0.0,-0.046394165605306625,0.03
HCP-like (N 186),produzione,sano RD .5,100,-0.16954541206359863,-0.12049514043610543,-0.04905024616164155,0.0,-0.10941407084465027,0.02
HCP-like (N 186),produzione,demiel A,72,-0.10844885400729254,-0.1299895520787686,0.42154069524258375,0.4,-0.15940983593463898,0.041666666666666664
HCP-like (N 186),produzione,assonale A,99,-0.040742008422967046,-0.07072254084050655,0.02998053423652891,0.0,-0.09854797273874283,0.3434343434343434
HCP-like (N 186),0.01,sano RD .3,100,0.052832780056633055,0.03676751657621935,0.016065259842434898,0.0,0.0392100065946579,0.04
HCP-like (N 186),0.01,sano RD .4,100,0.04413248461787589,0.03476504571153782,0.00936743617785396,0.0,0.037775442004203796,0.0
HCP-like (N 186),0.01,sano RD .5,100,-0.007424535397149157,0.021641657440341078,-0.02906619556597434,0.0,-0.006412789691239595,0.0
HCP-like (N 186),0.01,demiel A,72,0.02783256786642596,-0.010196632501902059,0.4380291502457112,0.4,-0.09461679309606552,0.013888888888888888
HCP-like (N 186),0.01,assonale A,99,0.0611135401413776,0.058686797274276614,0.0024267433218483347,0.0,-0.023701859638094902,0.08080808080808081
HCP-like (N 186),0.02,sano RD .3,100,0.04743646422866732,0.03145632945233956,0.015980136595317163,0.0,0.03105015493929386,0.04
HCP-like (N 186),0.02,sano RD .4,100,0.03809100962826051,0.028803928216802888,0.009287078682973515,0.0,0.02804230898618698,0.0
HCP-like (N 186),0.02,sano RD .5,100,-0.01912441075546667,0.0199285386770498,-0.03905294579453766,0.0,-0.018227072432637215,0.0
HCP-like (N 186),0.02,demiel A,72,0.021076803022879176,-0.015038026504043955,0.4361148166935891,0.4,-0.10478118807077408,0.013888888888888888
HCP-like (N 186),0.02,assonale A,99,0.05783719097962603,0.047529047151328996,0.010308147466275841,0.0,-0.035678502172231674,0.08080808080808081
HCP-like (N 186),0.04,sano RD .3,100,0.0400360077037476,0.024480352294631302,0.015555653590126894,0.0,0.020784638822078705,0.05
HCP-like (N 186),0.04,sano RD .4,100,0.029150478439987637,0.019678969692904502,0.009471508747083135,0.0,0.014715904369950294,0.0
HCP-like (N 186),0.04,sano RD .5,100,-0.02572775338194333,0.006211943855305435,-0.031939696782501414,0.0,-0.03372660651803017,0.0
HCP-like (N 186),0.04,demiel A,72,0.008299582987092435,-0.02204343763878569,0.4303430032450706,0.4,-0.11778174340724945,0.013888888888888888
HCP-like (N 186),0.04,assonale A,99,0.03600076524890028,0.045718981709796935,-0.009718211003928445,0.0,-0.05038430169224739,0.08080808080808081
HCP-like (N 186),0.06,sano RD .3,100,0.03420513530727476,0.019975012037320994,0.014230119631974958,0.0,0.013750679790973663,0.06
HCP-like (N 186),0.06,sano RD .4,100,0.02224794116045814,0.0128851834233501,0.009362759556097444,0.0,0.005325813312083483,0.0
HCP-like (N 186),0.06,sano RD .5,100,-0.03436317638261244,-0.0011473189260868821,-0.0332158560922835,0.0,-0.04485220089554787,0.0
HCP-like (N 186),0.06,demiel A,72,-0.00403767853640602,-0.02698349089769181,0.42294582817703485,0.4,-0.12715885043144226,0.013888888888888888
HCP-like (N 186),0.06,assonale A,99,0.026277277356712148,0.03858936906908639,-0.01231209171237424,0.0,-0.06140204519033432,0.1111111111111111
HCP-like (N 186),0.09,sano RD .3,100,0.02808332646964118,0.01461666397517547,0.013466661584971007,0.0,0.006149140652269125,0.07
HCP-like (N 186),0.09,sano RD .4,100,0.014264644050854258,0.004583443114825059,0.0096812009360292,0.0,-0.005209330935031176,0.0
HCP-like (N 186),0.09,sano RD .5,100,-0.04448413528734818,-0.010454403309267946,-0.03402973379706964,0.0,-0.057692818343639374,0.0
HCP-like (N 186),0.09,demiel A,72,-0.020058003428857774,-0.03362361530889757,0.41356560541316867,0.4,-0.13803814351558685,0.013888888888888888
HCP-like (N 186),0.09,assonale A,99,0.01124821665143827,0.03202970401616767,-0.020781490093213506,0.0,-0.0730341449379921,0.1111111111111111
HCP-like (N 186),0.13,sano RD .3,100,0.022097648979979567,0.008440383680863306,0.013657266208610963,0.0,-0.0014854950131848454,0.07
HCP-like (N 186),0.13,sano RD .4,100,0.006039393610990373,-0.0037960810459480854,0.009835473974817432,0.0,-0.01574438437819481,0.0
HCP-like (N 186),0.13,sano RD .5,100,-0.051256458391435444,-0.025968831323552877,-0.025287634343840182,0.0,-0.0711822658777237,0.0
HCP-like (N 186),0.13,demiel A,72,-0.03860376818920486,-0.04072407682542689,0.4021202912554145,0.4,-0.14886945486068726,0.013888888888888888
HCP-like (N 186),0.13,assonale A,99,-0.0011574005611691973,0.022764139430364594,-0.02392153510299977,0.0,-0.0854109525680542,0.1111111111111111
HCP-like (N 186),0.2,sano RD .3,100,0.013645950275531504,-0.0006110462891228963,0.014256995200412348,0.0,-0.012270638719201088,0.07
HCP-like (N 186),0.2,sano RD .4,100,-0.006409033630916383,-0.015949633962009102,0.009540599421598017,0.0,-0.030879102647304535,0.0
HCP-like (N 186),0.2,sano RD .5,100,-0.07009740511421114,-0.038553382182726637,-0.03154403020744212,0.0,-0.08959236741065979,0.0
HCP-like (N 186),0.2,demiel A,72,-0.0677190619171597,-0.05077998139313422,0.38306089118123055,0.4,-0.16406764090061188,0.013888888888888888
HCP-like (N 186),0.2,assonale A,99,-0.025630793970776722,0.014655752238468267,-0.0402865516662132,0.0,-0.10171134769916534,0.1414141414141414
HCP-like (N 186),0.3,sano RD .3,100,0.004607958999258699,-0.011697981790348422,0.01630594124435447,0.0,-0.024340538308024406,0.08
HCP-like (N 186),0.3,sano RD .4,100,-0.019617236830526963,-0.030540297302650288,0.01092306320060743,0.0,-0.04744972661137581,0.0
HCP-like (N 186),0.3,sano RD .5,100,-0.09157538443105295,-0.05299307304085232,-0.038582304114243016,0.0,-0.11006519198417664,0.0
HCP-like (N 186),0.3,demiel A,72,-0.10238286631647497,-0.061604223446920514,0.35922136157751083,0.4,-0.18058276176452637,0.013888888888888888
HCP-like (N 186),0.3,assonale A,99,-0.0472838401037734,0.002016213784372667,-0.0493000443384517,0.0,-0.1186157837510109,0.15151515151515152
clinico 2 gusci (N 65),produzione,sano RD .3,100,-0.11088571773143485,-0.11989378253929317,0.009008074812300038,0.0,-0.0852837935090065,0.89
clinico 2 gusci (N 65),produzione,sano RD .4,100,-0.20917838264722377,-0.211392150959,0.0022137528503662907,0.0,-0.16686876118183136,0.85
clinico 2 gusci (N 65),produzione,sano RD .5,99,-0.2904224384110421,-0.2961041172966361,0.005681686616298975,0.0,-0.2271246463060379,0.8888888888888888
clinico 2 gusci (N 65),produzione,demiel A,38,-0.5736200837418437,-0.22140349028632045,0.047783381887711585,0.4,-0.2635335922241211,0.9210526315789473
clinico 2 gusci (N 65),produzione,assonale A,95,-0.2133681991836056,-0.20666542695835233,-0.006702792688884074,0.0,-0.20460134744644165,0.9578947368421052
clinico 2 gusci (N 65),0.01,sano RD .3,100,0.12505172344390303,0.1068356359610334,0.01821608930185903,0.0,0.1377009004354477,0.12
clinico 2 gusci (N 65),0.01,sano RD .4,100,0.09098788723349571,0.060419370129238814,0.030568506190320477,0.0,0.11047676205635071,0.06
clinico 2 gusci (N 65),0.01,sano RD .5,99,0.009473193131270818,0.030652183340862393,-0.02117898293363396,0.0,0.04948515444993973,0.050505050505050504
clinico 2 gusci (N 65),0.01,demiel A,38,-0.07963666575960815,0.004736250048154034,0.3156270831823349,0.4,-0.021947037428617477,0.07894736842105263
clinico 2 gusci (N 65),0.01,assonale A,95,0.184911914402619,0.0019727629023691406,0.18293914035893977,0.0,0.056304916739463806,0.11578947368421053
clinico 2 gusci (N 65),0.02,sano RD .3,100,0.11565251043066382,0.09284337284043431,0.02280915214214474,0.0,0.12287136167287827,0.12
clinico 2 gusci (N 65),0.02,sano RD .4,100,0.07082629599608481,0.05257788143353537,0.018248401829623617,0.0,0.08930719643831253,0.08
clinico 2 gusci (N 65),0.02,sano RD .5,99,-0.0032298323731083656,0.012459710887924302,-0.01568954212416429,0.0,0.026541050523519516,0.050505050505050504
clinico 2 gusci (N 65),0.02,demiel A,38,-0.10047869727713987,-0.008117553988995496,0.30763886752538383,0.4,-0.04227349907159805,0.07894736842105263
clinico 2 gusci (N 65),0.02,assonale A,95,0.16277637041639537,-0.01144638463301817,0.17422274686396122,0.0,0.0327831506729126,0.12631578947368421
clinico 2 gusci (N 65),0.04,sano RD .3,100,0.09095692803384736,0.08420578524237499,0.0067511664383346215,0.0,0.1010165885090828,0.13
clinico 2 gusci (N 65),0.04,sano RD .4,100,0.05986944597680122,0.022084648662712425,0.03778479003813118,0.0,0.060782913118600845,0.09
clinico 2 gusci (N 65),0.04,sano RD .5,99,-0.028113427106291056,-0.00860259842738742,-0.019510822312440723,0.0,-0.0020666727796196938,0.050505050505050504
clinico 2 gusci (N 65),0.04,demiel A,38,-0.134725880343467,-0.025731915229698643,0.29100599931553006,0.4,-0.06966202706098557,0.07894736842105263
clinico 2 gusci (N 65),0.04,assonale A,95,0.12238362978678197,-0.01825919571274426,0.14064283459447324,0.0,0.003071095095947385,0.15789473684210525
clinico 2 gusci (N 65),0.06,sano RD .3,100,0.07912246655905619,0.0723155026207678,0.006806963938288391,0.0,0.08593578636646271,0.13
clinico 2 gusci (N 65),0.06,sano RD .4,100,0.03950337850255892,0.011456045285740402,0.02804733594530262,0.0,0.04099959880113602,0.09
clinico 2 gusci (N 65),0.06,sano RD .5,99,-0.04775181150762364,-0.020972131096641533,-0.026779684048960917,0.0,-0.021907461807131767,0.0707070707070707
clinico 2 gusci (N 65),0.06,demiel A,38,-0.17127238970715553,-0.03465711051831022,0.2633847179822624,0.4,-0.08792383968830109,0.07894736842105263
clinico 2 gusci (N 65),0.06,assonale A,95,0.08783850353211164,-0.020587071048794314,0.10842558549484238,0.0,-0.01624143123626709,0.18947368421052632
clinico 2 gusci (N 65),0.09,sano RD .3,100,0.06887515337439254,0.05479480023495853,0.014080351320444606,0.0,0.06925127655267715,0.14
clinico 2 gusci (N 65),0.09,sano RD .4,100,0.010656420272425748,0.005617165697913151,0.005039252755523194,0.0,0.018348446115851402,0.1
clinico 2 gusci (N 65),0.09,sano RD .5,99,-0.05717919339076616,-0.05184203837416135,-0.005337151378626004,0.0,-0.044781699776649475,0.10101010101010101
clinico 2 gusci (N 65),0.09,demiel A,38,-0.20085496362298727,-0.04847253512707539,0.2476175723131746,0.4,-0.10975784808397293,0.13157894736842105
clinico 2 gusci (N 65),0.09,assonale A,95,0.0663009486743249,-0.03458133869571611,0.10088230192195624,0.0,-0.037778306752443314,0.25263157894736843
clinico 2 gusci (N 65),0.13,sano RD .3,100,0.05615588815999217,0.03840738281724043,0.017748518075677566,0.0,0.05280886963009834,0.15
clinico 2 gusci (N 65),0.13,sano RD .4,100,-0.007279946203198051,-0.012220864846312907,0.004940918188367505,0.0,-0.00302334688603878,0.12
clinico 2 gusci (N 65),0.13,sano RD .5,99,-0.07923942757770419,-0.06948009104235098,-0.00975933471636381,0.0,-0.06623128801584244,0.10101010101010101
clinico 2 gusci (N 65),0.13,demiel A,38,-0.23048327420838177,-0.05960089401924051,0.22911763517186046,0.4,-0.1276620328426361,0.18421052631578946
clinico 2 gusci (N 65),0.13,assonale A,95,0.05353530286811292,-0.05559748751693405,0.10913279402302578,0.0,-0.057653214782476425,0.2736842105263158
clinico 2 gusci (N 65),0.2,sano RD .3,100,0.035451863368507475,0.02168189712392632,0.013769960787612945,0.0,0.032209862023591995,0.19
clinico 2 gusci (N 65),0.2,sano RD .4,100,-0.03030051084351726,-0.03491772076813504,0.004617206286638975,0.0,-0.029158884659409523,0.15
clinico 2 gusci (N 65),0.2,sano RD .5,99,-0.09590023546479642,-0.10203692363575101,0.006136680894996971,0.0,-0.09195784479379654,0.1111111111111111
clinico 2 gusci (N 65),0.2,demiel A,38,-0.2832438622135669,-0.06837056571384892,0.18512668611947447,0.4,-0.15022523701190948,0.18421052631578946
clinico 2 gusci (N 65),0.2,assonale A,95,0.005097835583001142,-0.060716134612448514,0.0658139688312076,0.0,-0.07974141836166382,0.3368421052631579
clinico 2 gusci (N 65),0.3,sano RD .3,100,0.015604508007527329,0.006204571036505513,0.00939993424253771,0.0,0.012975986115634441,0.25
clinico 2 gusci (N 65),0.3,sano RD .4,100,-0.05618062277790159,-0.05311414133757353,-0.0030664807582070353,0.0,-0.05266359820961952,0.18
clinico 2 gusci (N 65),0.3,sano RD .5,99,-0.12434205564204603,-0.12280931696295738,-0.0015327366327255731,0.0,-0.11599505692720413,0.1717171717171717
clinico 2 gusci (N 65),0.3,demiel A,38,-0.33076610998250544,-0.07914828893262893,0.14838216884527355,0.4,-0.16923503577709198,0.2894736842105263
clinico 2 gusci (N 65),0.3,assonale A,95,-0.028172178645036183,-0.0717866059858352,0.04361442552180961,0.0,-0.1002860888838768,0.4421052631578947
