scenario,modo,n,RD_A_bias,RD_B_bias,contrasto_vero,contrasto_stimato,RDw_bias,ADw_bias,pavimento,pop1_uguale_pop2
sano 90,0,100,-0.17718589515425265,-0.2006309514399618,0.0,0.02344507083762437,-0.19000619067810476,-0.3572946006897837,0.75,0.05
sano 90,4,100,-0.08018748485483229,-0.08018748485483229,0.0,0.0,-0.08018748485483229,0.1557692012283951,0.27,1.0
sano 90,7,100,-0.033551117667229846,-0.05676134969689883,0.0,0.02321022839169018,-0.012906053598271683,-0.02307688737346325,0.5,0.08
sano 90,8,100,-0.03506248685880564,-0.060971578932367265,0.0,0.025909092073561624,-0.019995602997369133,0.17173074593301862,0.46,0.13
sano 90,10,100,0.02650537498993799,0.008813465683488175,0.0,0.01769190566847101,0.016358961147489026,-0.13414608838502318,0.08,0.0
demiel 1 fascio 90,0,51,-0.45833984040655196,-0.21820119582116604,0.4,0.15986130165401846,-0.3685005649458617,-0.24329964071512222,0.6470588235294118,0.058823529411764705
demiel 1 fascio 90,4,51,-0.4510248836595565,-0.05102494469610974,0.4,0.0,-0.2510249614715576,0.5248868837952614,0.27450980392156865,1.0
demiel 1 fascio 90,7,51,-0.1584892743267119,-0.07176915096351877,0.4,0.3132798592559993,-0.06457402923842892,0.07692316285101697,0.47058823529411764,0.09803921568627451
demiel 1 fascio 90,8,51,-0.15764255658723414,-0.07938945782370865,0.4,0.3217468620277941,-0.08440751116722822,0.5546757602132857,0.47058823529411764,0.09803921568627451
demiel 1 fascio 90,10,51,-0.10750347428256646,-0.028253411073819734,0.4,0.3207499103154987,-0.12546345533337444,0.05163141031516716,0.058823529411764705,0.0
demiel 2 fasci 90,0,95,-0.5514583899639547,-0.5530847702175379,0.0,0.001626467565074563,-0.559643842279911,-0.37770604831166565,0.8526315789473684,0.09473684210526316
demiel 2 fasci 90,4,95,-0.39965903852134943,-0.39965903852134943,0.0,0.0,-0.39965903852134943,0.7929149433039129,0.45263157894736844,1.0
demiel 2 fasci 90,7,95,-0.3313635825179517,-0.33602266921661794,0.0,0.004659091246139724,-0.22257142700254917,0.17692313122097403,0.6421052631578947,0.16842105263157894
demiel 2 fasci 90,8,95,-0.33647724194452167,-0.3493181720841676,0.0,0.01284090740227839,-0.2540038840379566,0.787044526077807,0.6105263157894737,0.1368421052631579
demiel 2 fasci 90,10,95,-0.2593258977867663,-0.25581990485079587,0.0,-0.0035059790661762236,-0.27056512772105634,0.07330183871090412,0.06315789473684211,0.0
assonale 1 90,0,96,-0.18223824736196548,-0.17379409109707922,0.0,-0.00844415080791805,-0.17676845891401172,-0.1658393448451534,0.8020833333333334,0.020833333333333332
assonale 1 90,4,96,-0.03847654807032086,-0.03847654807032086,0.0,0.0,-0.03847654807032086,0.38409457192756236,0.22916666666666666,1.0
assonale 1 90,7,96,-0.09200399654218927,0.02730824962782208,0.0,-0.11931225890293717,0.02502583993191365,0.27692317962646484,0.59375,0.09375
assonale 1 90,8,96,-0.09818890248425305,0.02157316885131877,0.0,-0.11976206587860361,0.017950671463040635,0.37047278601676226,0.59375,0.08333333333333333
assonale 1 90,10,96,0.06520708120660856,0.03721459870575927,0.0,0.02799249159579631,0.04907650873064995,0.04263980008545332,0.125,0.0
lesione 90,0,91,-0.5647256621159613,-0.5544429295696318,0.0,-0.01028274891723413,-0.5750558921135962,-0.7550223381258547,0.989010989010989,0.15384615384615385
lesione 90,4,91,-0.39529838250018656,-0.39529838250018656,0.0,0.0,-0.39529838250018656,1.0137782664969563,0.5054945054945055,1.0
lesione 90,7,91,-0.32139106770046055,-0.3218656056560576,0.0,0.00047452405738113157,-0.17198763089254498,0.17692313122097403,0.8021978021978022,0.21978021978021978
lesione 90,8,91,-0.3059689770452678,-0.31818801653571427,0.0,0.012219033123983536,-0.18756475765258074,1.0302619775757194,0.7802197802197802,0.17582417582417584
lesione 90,10,91,-0.27865974698215723,-0.20959298126399517,0.0,-0.06906675116624683,-0.26892637833952904,0.005990433237457182,0.17582417582417584,0.0
sano 60,0,39,-0.13766942720394582,-0.1882626675069332,0.0,0.05059325121692382,-0.169341015862301,-0.28572717565111816,0.8461538461538461,0.02564102564102564
sano 60,4,39,-0.046823992306599393,-0.046823992306599393,0.0,0.0,-0.046823992306599393,0.28461540932767093,0.1282051282051282,1.0
sano 60,7,39,0.007983694558788557,-0.009731917089084163,0.0,0.017715614376356825,0.050676164391916245,-0.02307689283043146,0.41025641025641024,0.05128205128205128
sano 60,8,39,-0.026893922040471807,-0.041011055145645514,0.0,0.014117134014668409,0.01028439055517083,0.25798811111599207,0.4358974358974359,0.05128205128205128
sano 60,10,39,0.02469976789143402,0.062413178966380656,0.0,-0.03771340925595723,0.03369777186890133,-0.057088509493041784,0.07692307692307693,0.0
demiel 1 fascio 60,0,11,-0.49016554839909077,-0.2354734460823238,0.4,0.14530787302646786,-0.38387280073948205,-0.2883596462197602,0.7272727272727273,0.0
demiel 1 fascio 60,4,11,-0.42918388498947024,-0.029183867809479125,0.4,0.0,-0.22918391914572567,0.25699305115267634,0.2727272727272727,1.0
demiel 1 fascio 60,7,11,-0.22603300749324262,-0.04979337245458737,0.4,0.2237603475805372,-0.06943356129340827,0.07692317012697458,0.5454545454545454,0.09090909090909091
demiel 1 fascio 60,8,11,-0.24271690926980227,-0.05371900260797702,0.4,0.2110020723193884,-0.08136083488352597,0.1730769727146253,0.5454545454545454,0.09090909090909091
demiel 1 fascio 60,10,11,-0.028829103030147962,-0.019417109797359444,0.4,0.3905880148522556,-0.14526894665323198,-0.12537035217974335,0.0,0.0
demiel 2 fasci 60,0,65,-0.46076494618318975,-0.5150386714376509,0.0,0.05427371434052475,-0.5204262561164796,-0.3240312507841736,0.7076923076923077,0.046153846153846156
demiel 2 fasci 60,4,65,-0.24176569422706962,-0.24176569422706962,0.0,0.0,-0.24176569422706962,0.7192307384684682,0.2,1.0
demiel 2 fasci 60,7,65,-0.27730767033062875,-0.20323424541857094,0.0,-0.07407342491205782,-0.11636061390163377,0.1769231166690588,0.5076923076923077,0.1076923076923077
demiel 2 fasci 60,8,65,-0.2899300307035446,-0.22964156232774258,0.0,-0.06028845746186562,-0.15469745267182589,0.7056212634779513,0.5076923076923077,0.1076923076923077
demiel 2 fasci 60,10,65,-0.1306896301684901,-0.21054846001788974,0.0,0.07985882984939963,-0.2051450137514621,0.0863893365021795,0.046153846153846156,0.015384615384615385
assonale 1 60,0,27,-0.17022424435708672,-0.1494551688665524,0.0,-0.020769084585481323,-0.17457503417972475,-0.20307672093622386,0.7777777777777778,0.0
assonale 1 60,4,27,-0.037289548345142975,-0.037289548345142975,0.0,0.0,-0.037289548345142975,0.2462963166180998,0.14814814814814814,1.0
assonale 1 60,7,27,-0.012499986951297615,-0.04248736149747856,0.0,0.029987373636686243,0.04209056351101026,0.27692317962646484,0.7407407407407407,0.07407407407407407
assonale 1 60,8,27,-0.008501666343363468,-0.0408880332543049,0.0,0.03238636054447852,0.043104009819217026,0.21638182806782424,0.6666666666666666,0.07407407407407407
assonale 1 60,10,27,0.03893921893904917,0.05009212327422574,0.0,-0.011152904335176572,0.009087926628126297,0.03271525929449126,0.25925925925925924,0.0
lesione 60,0,78,-0.5616433918476105,-0.5947209428995848,0.0,0.03307766019133851,-0.588705122936517,-0.7931495201773942,0.9615384615384616,0.24358974358974358
lesione 60,4,78,-0.3643356030806899,-0.3643356030806899,0.0,0.0,-0.3643356030806899,0.9715482592582703,0.5,1.0
lesione 60,7,78,-0.26343963691033423,-0.42966200271621346,0.0,0.16622233670204878,-0.19443055498413742,0.17692313122097403,0.8333333333333334,0.21794871794871795
lesione 60,8,78,-0.24309434229508042,-0.40419577271677554,0.0,0.16110141586977988,-0.2061775594484061,0.9897928684949875,0.7692307692307693,0.23076923076923078
lesione 60,10,78,-0.26003408129327,-0.2835949417203665,0.0,0.02356086224608589,-0.28312276117503643,0.014800957615079824,0.1794871794871795,0.0
