gruppo,modo,fibra,x2,x2_test15,n,RDw_bias,RDw_mae,ADw_bias,ADw_mae,pavimento,FF_bias
cross60 0.5 RD0.3,0,1.0,0.4,0.4,40.0,-0.07661285251379013,0.07818593084812164,-0.41179272532463074,0.41179272532463074,0.9,-0.057052649557590485
cross60 0.5 RD0.3,4,1.0,0.4,0.4,40.0,0.028934650123119354,0.09063921123743057,-0.10048078745603561,0.2597115635871887,0.025,-0.014896238222718239
cross60 0.5 RD0.3,5,1.0,0.4,0.4,40.0,0.03865056484937668,0.09663352370262146,-0.1000000610947609,0.1000000610947609,0.05,-0.022433124482631683
cross60 0.5 RD0.3,6,1.0,0.4,0.4,40.0,0.0375710129737854,0.10041192919015884,-0.10384617745876312,0.26423078775405884,0.05,-0.0013057813048362732
cross60 0.5 RD0.5,0,1.0,0.34,0.34,34.0,-0.2681998312473297,0.2681998312473297,-0.417467325925827,0.417467325925827,0.8529411764705882,-0.20897167921066284
cross60 0.5 RD0.5,4,1.0,0.34,0.34,34.0,-0.03629681468009949,0.13923797011375427,0.17828050255775452,0.3441176116466522,0.029411764705882353,-0.08866234123706818
cross60 0.5 RD0.5,5,1.0,0.34,0.34,34.0,0.0005347401020117104,0.12610292434692383,-0.1000000610947609,0.1000000610947609,0.029411764705882353,-0.03940349444746971
cross60 0.5 RD0.5,6,1.0,0.34,0.34,34.0,-0.03470924124121666,0.13928808271884918,0.18619905412197113,0.33280545473098755,0.029411764705882353,-0.0863867700099945
cross60 0.7 RD0.3,0,1.0,0.01,0.01,1.0,-0.15000000596046448,0.15000000596046448,-0.44086599349975586,0.44086599349975586,1.0,-0.08749854564666748
cross60 0.7 RD0.3,4,1.0,0.01,0.01,1.0,-0.042045459151268005,0.042045459151268005,-0.38846150040626526,0.38846150040626526,0.0,0.07550501823425293
cross60 0.7 RD0.3,5,1.0,0.01,0.01,1.0,-0.042045459151268005,0.042045459151268005,-0.1000000610947609,0.1000000610947609,0.0,0.0018123388290405273
cross60 0.7 RD0.3,6,1.0,0.01,0.01,1.0,-0.042045459151268005,0.042045459151268005,-0.3692307472229004,0.3692307472229004,0.0,0.0704846978187561
cross60 0.7 RD0.5,0,1.0,0.02,0.02,2.0,-0.26260435581207275,0.26260435581207275,-0.32445451617240906,0.32445451617240906,0.0,-0.1839226484298706
cross60 0.7 RD0.5,4,1.0,0.02,0.02,2.0,0.06022723391652107,0.06022723391652107,-0.321153849363327,0.321153849363327,0.0,0.180149108171463
cross60 0.7 RD0.5,5,1.0,0.02,0.02,2.0,0.07642043381929398,0.07642043381929398,-0.1000000610947609,0.1000000610947609,0.0,0.11027994751930237
cross60 0.7 RD0.5,6,1.0,0.02,0.02,2.0,0.06022726371884346,0.06022726371884346,-0.3499999940395355,0.3499999940395355,0.0,0.19796839356422424
cross90 0.5 RD0.3,0,1.0,1.0,1.0,100.0,-0.10650869458913803,0.10650869458913803,-0.36863186955451965,0.36863186955451965,0.82,-0.07550384104251862
cross90 0.5 RD0.3,4,1.0,1.0,1.0,100.0,0.0019999914802610874,0.10238636285066605,0.13249996304512024,0.29373079538345337,0.22,-0.05275280028581619
cross90 0.5 RD0.3,5,1.0,1.0,1.0,100.0,-0.004261371213942766,0.10351136326789856,-0.1000000536441803,0.1000000536441803,0.26,-0.03172721341252327
cross90 0.5 RD0.3,6,1.0,1.0,1.0,100.0,0.006426128093153238,0.10148295760154724,0.10788460075855255,0.2746538519859314,0.22,-0.04343235120177269
cross90 0.5 RD0.5,0,1.0,1.0,1.0,100.0,-0.28690120577812195,0.28690120577812195,-0.4029841125011444,0.4061245918273926,0.79,-0.22394104301929474
cross90 0.5 RD0.5,4,1.0,1.0,1.0,100.0,-0.06068183854222298,0.14112497866153717,0.1515384167432785,0.3243076503276825,0.06,-0.1112765297293663
cross90 0.5 RD0.5,5,1.0,1.0,1.0,100.0,-0.0676988810300827,0.13855114579200745,-0.1000000536441803,0.1000000536441803,0.04,-0.08877713978290558
cross90 0.5 RD0.5,6,1.0,1.0,1.0,100.0,-0.05128978565335274,0.13633520901203156,0.1219230368733406,0.3365384340286255,0.06,-0.09050147235393524
cross90 0.7 RD0.3,0,1.0,0.5,0.5,50.0,-0.10199323296546936,0.10199323296546936,-0.3753128945827484,0.3753128945827484,0.84,-0.0676840990781784
cross90 0.7 RD0.3,4,1.0,0.5,0.5,50.0,-0.03038637340068817,0.07927273958921432,0.04115382954478264,0.2569999694824219,0.16,-0.0742139220237732
cross90 0.7 RD0.3,5,1.0,0.5,0.5,50.0,-0.026284102350473404,0.07642046362161636,-0.1000000536441803,0.1000000536441803,0.14,-0.062043219804763794
cross90 0.7 RD0.3,6,1.0,0.5,0.5,50.0,-0.025204556062817574,0.08488637208938599,0.04423075541853905,0.25084614753723145,0.16,-0.06850564479827881
cross90 0.7 RD0.5,0,1.0,0.5,0.5,50.0,-0.2897256314754486,0.2897256314754486,-0.3937719762325287,0.3937719762325287,0.82,-0.2200348675251007
cross90 0.7 RD0.5,4,1.0,0.5,0.5,50.0,-0.049670472741127014,0.11494317650794983,0.16999997198581696,0.28984612226486206,0.04,-0.09812092036008835
cross90 0.7 RD0.5,5,1.0,0.5,0.5,50.0,-0.05247729644179344,0.11343182623386383,-0.1000000536441803,0.1000000536441803,0.04,-0.064010851085186
cross90 0.7 RD0.5,6,1.0,0.5,0.5,50.0,-0.041250020265579224,0.11534091085195541,0.1807691901922226,0.29200002551078796,0.04,-0.08809737861156464
mono RD0.3,0,1.0,0.0,0.0,300.0,0.00545453792437911,0.057181816548109055,0.003076901426538825,0.1316923350095749,0.013333333333333334,0.01682390458881855
mono RD0.3,4,1.0,0.0,0.0,300.0,0.00545453792437911,0.057181816548109055,0.003076901426538825,0.1316923350095749,0.013333333333333334,0.01682390458881855
mono RD0.3,5,1.0,0.0,0.0,300.0,0.00545453792437911,0.057181816548109055,0.003076901426538825,0.1316923350095749,0.013333333333333334,0.01682390458881855
mono RD0.3,6,1.0,0.0,0.0,300.0,0.00545453792437911,0.057181816548109055,0.003076901426538825,0.1316923350095749,0.013333333333333334,0.01682390458881855
mono RD0.5,0,1.0,0.0,0.0,300.0,-0.007172365672886372,0.07566477358341217,0.0020512600895017385,0.1626410335302353,0.0033333333333333335,0.013805115595459938
mono RD0.5,4,1.0,0.0,0.0,300.0,-0.007172365672886372,0.07566477358341217,0.0020512600895017385,0.1626410335302353,0.0033333333333333335,0.013805115595459938
mono RD0.5,5,1.0,0.0,0.0,300.0,-0.007172365672886372,0.07566477358341217,0.0020512600895017385,0.1626410335302353,0.0033333333333333335,0.013805115595459938
mono RD0.5,6,1.0,0.0,0.0,300.0,-0.007172365672886372,0.07566477358341217,0.0020512600895017385,0.1626410335302353,0.0033333333333333335,0.013805115595459938
GM isotropo,0,0.006666666666666667,0.006666666666666667,0.0033333333333333335,,,,,,,
GM isotropo,4,0.006666666666666667,0.006666666666666667,0.0033333333333333335,,,,,,,
GM isotropo,5,0.006666666666666667,0.006666666666666667,0.0033333333333333335,,,,,,,
GM isotropo,6,0.006666666666666667,0.006666666666666667,0.0033333333333333335,,,,,,,
