scenario,lam_c,n,ff_bias,ffD_bias,ff_sd,rdA_bias,rdB_bias,contrasto,contrasto_vero,pavimento
sano RD .3,0.0,150,0.14141794883782122,0.09740387639830983,0.12080963176033986,0.06979042344234555,0.11865796225272036,-0.04886753881037487,0.0,0.03
sano RD .3,0.01,150,0.10171654610540637,0.06408583275314894,0.10522759395714397,0.05134181459421548,0.09122332759164942,-0.03988151299743392,0.0,0.03333333333333333
sano RD .3,0.03,150,0.07052928392092872,0.035779022151841144,0.09457468089481458,0.037043000098558265,0.06404522162439807,-0.027002221525839882,0.0,0.04666666666666667
sano RD .3,stage A,150,-0.08190572261810303,,0.02885749191045761,-0.11122304946184158,-0.11011339724063873,-0.0011096505913883448,0.0,0.47333333333333333
sano RD .4,0.0,150,0.09476763833946544,0.05855724405346974,0.1269623621645952,0.04426437723689409,0.06629377335817696,-0.022029396121282994,0.0,0.0033333333333333335
sano RD .4,0.01,150,0.0560009341957276,0.02359720653655417,0.1118053762609565,0.014469762851056927,0.04790444366099724,-0.033434680809940304,0.0,0.006666666666666667
sano RD .4,0.03,150,0.019330551072892832,-0.01006188264214991,0.09643716053107142,-0.017939521236524286,0.029371760387747164,-0.04731128162427145,0.0,0.006666666666666667
sano RD .4,stage A,150,-0.15970170497894287,,0.031522396951913834,-0.21567337214946747,-0.1948278695344925,-0.020845508202910423,0.0,0.45
sano RD .5,0.0,150,0.0656299661044023,0.036736310069567235,0.1272876680656995,0.007847873251229202,0.03332268634987084,-0.02547481309864164,0.0,0.01
sano RD .5,0.01,150,0.02350062895788585,-0.0026305664926240535,0.11456791913738569,-0.023931542428101714,0.013045681379831187,-0.0369772238079329,0.0,0.01
sano RD .5,0.03,150,-0.01502986555838648,-0.038684967405856696,0.10151711241316363,-0.042311413173092755,-0.024735387908395523,-0.01757602526469733,0.0,0.01
sano RD .5,stage A,150,-0.2227126657962799,,0.028434183448553085,-0.2945729196071625,-0.2991088330745697,0.004535884130746126,0.0,0.4166666666666667
demiel A,0.0,63,-0.018096952708720915,-0.03786393522831988,0.12406679484964477,-0.055457886192300826,0.01567576133608791,0.32886635247161117,0.4,0.023809523809523808
demiel A,0.01,63,-0.059628073450572194,-0.07806064874331764,0.10130310423076691,-0.05856585919612647,-0.015401407490893578,0.35683554829476716,0.4,0.031746031746031744
demiel A,0.03,63,-0.09168688269162506,-0.10938424115741069,0.08816033044946632,-0.10978344061632697,-0.03279401128783145,0.3230105706715046,0.4,0.03968253968253968
demiel A,stage A,63,-0.2659071981906891,,0.02701755240559578,-0.5639684200286865,-0.21838846802711487,0.054420050233602524,0.4,0.5079365079365079
demiel A+B,0.0,146,-0.2014381569393769,-0.2205194431702926,0.08575885785921909,-0.18733090187070994,-0.22784059016614347,0.04050968829543358,0.0,0.00684931506849315
demiel A+B,0.01,146,-0.2279154847554623,-0.24523538312107063,0.07518844155564736,-0.2053621599525584,-0.2540064102814312,0.048644250328872964,0.0,0.0136986301369863
demiel A+B,0.03,146,-0.25474258551928725,-0.27069181856011265,0.06683372552556474,-0.23603148201704005,-0.27541536354737267,0.039383881530332635,0.0,0.0136986301369863
demiel A+B,stage A,146,-0.39106500148773193,,0.02496201917529106,-0.6010897755622864,-0.5988361239433289,-0.0022537396289408207,0.0,0.6232876712328768
assonale A,0.0,149,0.04328575398360479,0.022545476827043442,0.120625429530838,0.05787935478000826,0.060823388478551246,-0.0029440336985429565,0.0,0.06711409395973154
assonale A,0.01,149,-0.0023442905185449003,-0.020716531092743518,0.10146191853389933,0.031702767588672194,0.03230961350753151,-0.000606845918859246,0.0,0.08053691275167785
assonale A,0.03,149,-0.03721435209564872,-0.053819778061165224,0.09015466381695983,-0.015263992902078107,0.02148573661702228,-0.0367497295191004,0.0,0.09060402684563758
assonale A,stage A,149,-0.20574617385864258,,0.029555166140198708,-0.21781347692012787,-0.1974533349275589,-0.020360104739665985,0.0,0.5335570469798657
