scenario,mappa,n,quota_npop_giusta,vero,media,bias,sd_emp,se_med,rapporto,cop95,cop95_c
mono sano,fiber_fraction,300,1.0,0.6,0.6245360374450684,0.02453601360321045,0.10881419479846954,0.1412062793970108,1.297682523727417,0.9633333333333334,0.9566666666666667
mono sano,restricted_fraction,300,1.0,0.1,0.08598039299249649,-0.014019608497619629,0.03240528330206871,0.03366114944219589,1.038754940032959,0.9866666666666667,0.9733333333333334
mono sano,hindered_fraction,300,1.0,0.2,0.19722160696983337,-0.0027783960103988647,0.12090755999088287,0.1623898446559906,1.3430908918380737,0.9633333333333334,0.9633333333333334
mono sano,water_fraction,300,1.0,0.1,0.09226198494434357,-0.0077380165457725525,0.05061943084001541,0.053922250866889954,1.0652480125427246,0.9566666666666667,0.9633333333333334
mono sano,fiber_fraction_pop1,300,1.0,0.6,0.6245360374450684,0.02453601360321045,0.10881419479846954,0.1412062793970108,1.297682523727417,0.9633333333333334,0.9566666666666667
mono sano,axial_diffusivity_pop1,300,1.0,1.7,1.6956410836428404,-0.00435893889516592,0.2368208661209792,0.26805471861734986,1.1318881511688232,0.9666666666666667,0.9633333333333334
mono sano,radial_diffusivity_pop1,300,1.0,0.4,0.3974318387918174,-0.0025681511033326387,0.08766730024944991,0.10725428001023829,1.223423957824707,0.98,0.9733333333333334
mono sano,fiber_fa_pop1,300,1.0,0.7255892438417318,0.7206207513809204,-0.004968492460811436,0.07623357325792313,0.09984901547431946,1.3097774982452393,0.9666666666666667,0.9633333333333334
mono sano,axial_diffusivity_weighted,300,1.0,1.7,1.6956410836428404,-0.00435893889516592,0.2368208661209792,0.26805471861734986,1.1318881511688232,0.9666666666666667,0.9633333333333334
mono sano,radial_diffusivity_weighted,300,1.0,0.4,0.3974318387918174,-0.0025681511033326387,0.08766730024944991,0.10725428001023829,1.223423957824707,0.98,0.9733333333333334
mono sano,fiber_fa_weighted,300,1.0,0.7255892438417318,0.7206207513809204,-0.004968492460811436,0.07623357325792313,0.09984901547431946,1.3097774982452393,0.9666666666666667,0.9633333333333334
mono sano,[flag RD al limite],300,,,0.006666666666666667,,,,,,
mono sano,[flag mal condizionata],300,,,0.0,,,,,,
mono demiel,fiber_fraction,268,0.8933333333333333,0.6,0.515372633934021,-0.08462738990783691,0.19861985743045807,0.40030330419540405,2.0154244899749756,0.8619402985074627,0.8992537313432836
mono demiel,restricted_fraction,268,0.8933333333333333,0.1,0.07680521160364151,-0.02319478988647461,0.04236543923616409,0.04442417249083519,1.04859459400177,0.9738805970149254,0.9813432835820896
mono demiel,hindered_fraction,268,0.8933333333333333,0.2,0.31433820724487305,0.11433820426464081,0.20453546941280365,0.391275554895401,1.9129960536956787,0.835820895522388,0.8992537313432836
mono demiel,water_fraction,268,0.8933333333333333,0.1,0.09348389506340027,-0.006516106426715851,0.06934382766485214,0.09055832028388977,1.3059319257736206,0.9888059701492538,0.9888059701492538
mono demiel,fiber_fraction_pop1,268,0.8933333333333333,0.6,0.515372633934021,-0.08462738990783691,0.19861985743045807,0.40030330419540405,2.0154244899749756,0.8619402985074627,0.8992537313432836
mono demiel,axial_diffusivity_pop1,268,0.8933333333333333,1.5,1.6810849774628878,0.18108496442437172,0.4850378609262407,0.5888707819394767,1.2140717506408691,0.996268656716418,0.9850746268656716
mono demiel,radial_diffusivity_pop1,268,0.8933333333333333,0.8,0.6923507316969335,-0.10764924809336662,0.21875169477425516,0.27067220071330667,1.237349033355713,0.9626865671641791,0.9813432835820896
mono demiel,fiber_fa_pop1,268,0.8933333333333333,0.3725724067886446,0.48612356185913086,0.11355115507048624,0.17398089170455933,0.28863775730133057,1.6590198278427124,0.9067164179104478,0.9402985074626866
mono demiel,axial_diffusivity_weighted,268,0.8933333333333333,1.5,1.6810849774628878,0.18108496442437172,0.4850378609262407,0.5888707819394767,1.2140717506408691,0.996268656716418,0.9850746268656716
mono demiel,radial_diffusivity_weighted,268,0.8933333333333333,0.8,0.6923507316969335,-0.10764924809336662,0.21875169477425516,0.27067220071330667,1.237349033355713,0.9626865671641791,0.9813432835820896
mono demiel,fiber_fa_weighted,268,0.8933333333333333,0.3725724067886446,0.48612356185913086,0.11355115507048624,0.17398089170455933,0.28863775730133057,1.6590198278427124,0.9067164179104478,0.9402985074626866
mono demiel,[flag RD al limite],300,,,0.09333333333333334,,,,,,
mono demiel,[flag mal condizionata],300,,,0.006666666666666667,,,,,,
mono edema,fiber_fraction,300,1.0,0.3,0.337856650352478,0.03785663843154907,0.1126263365149498,0.13748139142990112,1.2206859588623047,0.9833333333333333,0.9166666666666666
mono edema,restricted_fraction,300,1.0,0.05,0.03572354465723038,-0.014276456087827682,0.02948499470949173,0.03224119171500206,1.0934779644012451,0.98,0.9433333333333334
mono edema,hindered_fraction,300,1.0,0.25,0.24833078682422638,-0.0016692131757736206,0.12941193580627441,0.15574891865253448,1.2035127878189087,0.9433333333333334,0.94
mono edema,water_fraction,300,1.0,0.4,0.37808898091316223,-0.021911025047302246,0.058212678879499435,0.05453818291425705,0.9368780851364136,0.9433333333333334,0.9466666666666667
mono edema,fiber_fraction_pop1,300,1.0,0.3,0.337856650352478,0.03785663843154907,0.1126263365149498,0.13748139142990112,1.2206859588623047,0.9833333333333333,0.9166666666666666
mono edema,axial_diffusivity_pop1,300,1.0,1.7,1.8029487691819668,0.10294874664396048,0.45656479778699577,0.5353519227355719,1.1725651025772095,1.0,1.0
mono edema,radial_diffusivity_pop1,300,1.0,0.4,0.41254545794799924,0.012545468052849174,0.17942499835044146,0.2095245581585914,1.1677557229995728,0.9866666666666667,0.99
mono edema,fiber_fa_pop1,300,1.0,0.7255892438417318,0.7178505659103394,-0.00773867793139249,0.13789258897304535,0.186967134475708,1.3558896780014038,0.9633333333333334,0.9533333333333334
mono edema,axial_diffusivity_weighted,300,1.0,1.7,1.8029487691819668,0.10294874664396048,0.45656479778699577,0.5353519227355719,1.1725651025772095,1.0,1.0
mono edema,radial_diffusivity_weighted,300,1.0,0.4,0.41254545794799924,0.012545468052849174,0.17942499835044146,0.2095245581585914,1.1677557229995728,0.9866666666666667,0.99
mono edema,fiber_fa_weighted,300,1.0,0.7255892438417318,0.7178505063056946,-0.007738737536037266,0.13789258897304535,0.186967134475708,1.3558896780014038,0.9633333333333334,0.9533333333333334
mono edema,[flag RD al limite],300,,,0.11666666666666667,,,,,,
mono edema,[flag mal condizionata],300,,,0.0,,,,,,
mono cellulare,fiber_fraction,300,1.0,0.4,0.42056038975715637,0.020560383796691895,0.1176009401679039,0.1334799826145172,1.1350247859954834,0.9533333333333334,0.92
mono cellulare,restricted_fraction,300,1.0,0.35,0.3373537063598633,-0.012646287679672241,0.042215581983327866,0.032725200057029724,0.7751924395561218,0.9866666666666667,0.9566666666666667
mono cellulare,hindered_fraction,300,1.0,0.2,0.20234623551368713,0.002346232533454895,0.12261901050806046,0.15309947729110718,1.248578667640686,0.95,0.95
mono cellulare,water_fraction,300,1.0,0.05,0.03973967954516411,-0.010260321199893951,0.03822116553783417,0.0541200190782547,1.4159698486328125,0.9966666666666667,0.9966666666666667
mono cellulare,fiber_fraction_pop1,300,1.0,0.4,0.42056038975715637,0.020560383796691895,0.1176009401679039,0.1334799826145172,1.1350247859954834,0.9533333333333334,0.92
mono cellulare,axial_diffusivity_pop1,300,1.0,1.7,1.7423077952116728,0.04230777267366648,0.39769377326592803,0.4070912837050855,1.0236300230026245,0.9666666666666667,0.9633333333333334
mono cellulare,radial_diffusivity_pop1,300,1.0,0.4,0.3875359834637493,-0.012464006431400776,0.13459069305099547,0.16002770280465484,1.188995361328125,1.0,1.0
mono cellulare,fiber_fa_pop1,300,1.0,0.7255892438417318,0.7263143658638,0.0007251220220682031,0.11829160898923874,0.14848145842552185,1.2552155256271362,0.9433333333333334,0.9433333333333334
mono cellulare,axial_diffusivity_weighted,300,1.0,1.7000000000000002,1.7423077952116728,0.04230777267366648,0.39769377326592803,0.4070912837050855,1.0236300230026245,0.9666666666666667,0.9633333333333334
mono cellulare,radial_diffusivity_weighted,300,1.0,0.4,0.3875359834637493,-0.012464006431400776,0.13459069305099547,0.16002770280465484,1.188995361328125,1.0,1.0
mono cellulare,fiber_fa_weighted,300,1.0,0.725589243841732,0.7263143658638,0.0007251220220680921,0.11829160898923874,0.14848145842552185,1.2552155256271362,0.9433333333333334,0.9433333333333334
mono cellulare,[flag RD al limite],300,,,0.08333333333333333,,,,,,
mono cellulare,[flag mal condizionata],300,,,0.0,,,,,,
crossing 90 sano,fiber_fraction,295,0.9833333333333333,0.6,0.4538256525993347,-0.1461743712425232,0.037310890853405,0.2441571056842804,6.543856143951416,1.0,1.0
crossing 90 sano,restricted_fraction,295,0.9833333333333333,0.1,0.008037135936319828,-0.09196286648511887,0.01166615728288889,0.10709472745656967,9.179948806762695,1.0,1.0
crossing 90 sano,hindered_fraction,295,0.9833333333333333,0.2,0.44666147232055664,0.2466614693403244,0.05866912007331848,0.308034211397171,5.250363349914551,1.0,1.0
crossing 90 sano,water_fraction,295,0.9833333333333333,0.1,0.09147568792104721,-0.008524313569068909,0.042552314698696136,0.07102546840906143,1.669132947921753,1.0,1.0
crossing 90 sano,fiber_fraction_pop1,295,0.9833333333333333,0.3,0.24467439949512482,-0.05532561242580414,0.023463662713766098,0.1747020035982132,7.445640563964844,1.0,1.0
crossing 90 sano,axial_diffusivity_pop1,295,0.9833333333333333,1.7,1.20930012781173,-0.4906998947262764,0.3768483002204448,0.5622162716463208,1.4918901920318604,0.9830508474576272,1.0
crossing 90 sano,radial_diffusivity_pop1,295,0.9833333333333333,0.4,0.20531807967927307,-0.194681910215877,0.06331569602480158,0.29267516219988465,4.622474193572998,1.0,1.0
crossing 90 sano,fiber_fa_pop1,295,0.9833333333333333,0.7255892438417318,0.8000552654266357,0.0744660215849039,0.04910409450531006,0.3201403319835663,6.519626140594482,1.0,1.0
crossing 90 sano,axial_diffusivity_weighted,295,0.9833333333333333,1.7,1.3007376110181212,-0.39926241151988506,0.14513364294543862,0.4659788100980222,3.2106876373291016,1.0,1.0
crossing 90 sano,radial_diffusivity_weighted,295,0.9833333333333333,0.4,0.22092752624303102,-0.17907246365211904,0.042748029954964295,0.2361603401368484,5.524473190307617,1.0,1.0
crossing 90 sano,fiber_fa_weighted,295,0.9833333333333333,0.7255892438417318,0.8039459586143494,0.07835671477261752,0.05160548537969589,0.22752061486244202,4.4088454246521,1.0,1.0
crossing 90 sano,fiber_fraction_pop2,295,0.9833333333333333,0.3,0.20915129780769348,-0.09084871411323547,0.023312442004680634,0.16968919336795807,7.278911113739014,0.9966101694915255,1.0
crossing 90 sano,axial_diffusivity_pop2,295,0.9833333333333333,1.7,1.4221022138372064,-0.27789780870079994,0.46725093852728605,0.6576403975486755,1.407467246055603,1.0,1.0
crossing 90 sano,radial_diffusivity_pop2,295,0.9833333333333333,0.4,0.2402159880148247,-0.15978400188032538,0.11467731383163482,0.3643841191660613,3.177473545074463,1.0,1.0
crossing 90 sano,[flag RD al limite],300,,,0.6966666666666667,,,,,,
crossing 90 sano,[flag mal condizionata],300,,,0.0,,,,,,
crossing 60 sano,fiber_fraction,120,0.4,0.6,0.47688350081443787,-0.12311652302742004,0.03701620176434517,0.2653357982635498,7.1680989265441895,1.0,1.0
crossing 60 sano,restricted_fraction,120,0.4,0.1,0.007303409278392792,-0.09269659221172333,0.011894290335476398,0.09287182241678238,7.808101177215576,1.0,1.0
crossing 60 sano,hindered_fraction,120,0.4,0.2,0.4057094156742096,0.20570941269397736,0.057799726724624634,0.2915950119495392,5.044920444488525,1.0,1.0
crossing 60 sano,water_fraction,120,0.4,0.1,0.11010365188121796,0.010103650391101837,0.04360300675034523,0.0702064111828804,1.6101278066635132,1.0,1.0
crossing 60 sano,fiber_fraction_pop1,120,0.4,0.3,0.2777658998966217,-0.02223411202430725,0.029168130829930305,0.23601289093494415,8.091464042663574,1.0,1.0
crossing 60 sano,axial_diffusivity_pop1,120,0.4,1.7,1.0947597911581397,-0.6052402313798666,0.35184636362828314,0.4860087938141078,1.3813097476959229,0.7083333333333334,1.0
crossing 60 sano,radial_diffusivity_pop1,120,0.4,0.4,0.1766587665770203,-0.22334122331812978,0.04581129178404808,0.2727136015892029,5.952977657318115,1.0,1.0
crossing 60 sano,fiber_fa_pop1,120,0.4,0.7255892438417318,0.8088468313217163,0.08325758747998446,0.03968257084488869,0.37685060501098633,9.496627807617188,1.0,1.0
crossing 60 sano,axial_diffusivity_weighted,120,0.4,1.7,1.4053628547117114,-0.2946371678262949,0.2083125145873055,0.44240482384338975,2.12375545501709,1.0,1.0
crossing 60 sano,radial_diffusivity_weighted,120,0.4,0.4,0.23999009863473475,-0.16000989126041532,0.056909066188381985,0.22213722695596516,3.903371572494507,1.0,1.0
crossing 60 sano,fiber_fa_weighted,120,0.4,0.7255892438417318,0.8016255497932434,0.07603630595151156,0.05781226232647896,0.21683037281036377,3.7505948543548584,1.0,1.0
crossing 60 sano,fiber_fraction_pop2,120,0.4,0.3,0.19911763072013855,-0.1008823812007904,0.03119061328470707,0.1727052927017212,5.5370917320251465,0.9916666666666667,1.0
crossing 60 sano,axial_diffusivity_pop2,120,0.4,1.7,1.930468250066042,0.23046822752803564,0.8144465973600745,1.0023040231317282,1.2306565046310425,1.0,0.9833333333333333
crossing 60 sano,radial_diffusivity_pop2,120,0.4,0.4,0.3463856701273471,-0.053614319767802954,0.1853073772508651,0.3787148743867874,2.0437119007110596,1.0,1.0
crossing 60 sano,[flag RD al limite],300,,,0.3433333333333333,,,,,,
crossing 60 sano,[flag mal condizionata],300,,,0.0,,,,,,
isotropo,restricted_fraction,299,0.9966666666666667,0.2,0.19587792456150055,-0.0041220784187316895,0.015814097598195076,0.01506640762090683,0.952720046043396,0.9264214046822743,0.9264214046822743
isotropo,hindered_fraction,299,0.9966666666666667,0.6,0.6051107048988342,0.005110681056976318,0.0507286936044693,0.048692572861909866,0.9598625302314758,0.9331103678929766,0.9331103678929766
isotropo,water_fraction,299,0.9966666666666667,0.2,0.19901134073734283,-0.0009886622428894043,0.037683483213186264,0.036546096205711365,0.9698173403739929,0.9364548494983278,0.9364548494983278
isotropo,[flag RD al limite],300,,,0.0033333333333333335,,,,,,
isotropo,[flag mal condizionata],300,,,0.0,,,,,,
